,org_ct,ct_to_mr_gen,mr_to_ct_regen,org_mr,mr_to_ct_gen,ct_to_mr_regen
0,"[[[255 255]
  [255 255]
  [255 255]
  ...
  [  0 255]
  [  0 255]
  [  0 255]]

 [[255 255]
  [255 255]
  [255 255]
  ...
  [  0 255]
  [  0 255]
  [  0 255]]

 [[255 255]
  [255 255]
  [255 255]
  ...
  [  0 255]
  [  0 255]
  [  0 255]]

 ...

 [[255 255]
  [255 255]
  [255 255]
  ...
  [  0 255]
  [  0 255]
  [  0 255]]

 [[255 255]
  [255 255]
  [255 255]
  ...
  [  0 255]
  [  0 255]
  [  0 255]]

 [[255 255]
  [255 255]
  [255 255]
  ...
  [160 255]
  [160 255]
  [160 255]]]","[[[130 122]
  [138 114]
  [117  95]
  ...
  [138 137]
  [121 106]
  [127 153]]

 [[184 126]
  [167 182]
  [117 131]
  ...
  [145 135]
  [109  72]
  [150 143]]

 [[112  97]
  [162 167]
  [164  73]
  ...
  [136 111]
  [125 143]
  [ 92 168]]

 ...

 [[196 129]
  [118 217]
  [136  67]
  ...
  [121 182]
  [159  86]
  [145 168]]

 [[ 77 126]
  [127 101]
  [127  46]
  ...
  [ 79 106]
  [138 161]
  [ 98 133]]

 [[182 130]
  [140 133]
  [ 92  56]
  ...
  [ 99 134]
  [115  73]
  [125 137]]]","[[[110 135]
  [131 112]
  [129 146]
  ...
  [136 113]
  [126 130]
  [134 133]]

 [[126 132]
  [156 163]
  [100 134]
  ...
  [142 130]
  [125 131]
  [126 139]]

 [[128 146]
  [162 113]
  [134 164]
  ...
  [140 130]
  [113 146]
  [129 118]]

 ...

 [[140 133]
  [129 150]
  [117 185]
  ...
  [140 141]
  [115 126]
  [128 135]]

 [[115 133]
  [160 142]
  [118 184]
  ...
  [145 141]
  [125 155]
  [132 122]]

 [[108 133]
  [103 140]
  [119 137]
  ...
  [136 147]
  [122 127]
  [124 128]]]","[[[255 255]
  [255 255]
  [255 255]
  ...
  [ 51 255]
  [ 54 255]
  [ 53 255]]

 [[255 255]
  [255 255]
  [255 255]
  ...
  [ 52 255]
  [ 53 255]
  [ 54 255]]

 [[255 255]
  [255 255]
  [255 255]
  ...
  [ 52 255]
  [ 53 255]
  [ 56 255]]

 ...

 [[255 255]
  [255 255]
  [255 255]
  ...
  [ 98 255]
  [ 96 255]
  [ 96 255]]

 [[255 255]
  [255 255]
  [255 255]
  ...
  [ 96 255]
  [ 99 255]
  [ 98 255]]

 [[255 255]
  [255 255]
  [255 255]
  ...
  [198 255]
  [196 255]
  [194 255]]]","[[[ 92 130]
  [178  86]
  [132 157]
  ...
  [149 112]
  [109 170]
  [141 121]]

 [[156 171]
  [138 158]
  [130 127]
  ...
  [116 117]
  [138 124]
  [129 123]]

 [[120 160]
  [130 130]
  [153 198]
  ...
  [164  65]
  [119 168]
  [113 110]]

 ...

 [[168 159]
  [ 91 141]
  [113 183]
  ...
  [ 96 139]
  [122 134]
  [118 140]]

 [[126 135]
  [175 177]
  [131 213]
  ...
  [147 127]
  [101 177]
  [124 115]]

 [[103 144]
  [123 135]
  [131 149]
  ...
  [134 167]
  [113 117]
  [129 131]]]","[[[129 137]
  [142 136]
  [119 117]
  ...
  [123 130]
  [125 120]
  [119 140]]

 [[132 117]
  [140 169]
  [151 107]
  ...
  [137 134]
  [114  89]
  [129 142]]

 [[133 121]
  [153 147]
  [132 116]
  ...
  [118 130]
  [118 131]
  [130 131]]

 ...

 [[164 113]
  [ 97 111]
  [129  78]
  ...
  [111 144]
  [146 122]
  [128 131]]

 [[115 144]
  [116 132]
  [130  90]
  ...
  [ 84 105]
  [161 119]
  [117 134]]

 [[133 106]
  [138 124]
  [138 120]
  ...
  [137 121]
  [122  96]
  [128 138]]]"
1,"[[[  0 255]
  [  0 255]
  [  0 255]
  ...
  [255 255]
  [255 255]
  [255 255]]

 [[  0 255]
  [  0 255]
  [  0 255]
  ...
  [255 255]
  [255 255]
  [255 255]]

 [[  0 255]
  [  0 255]
  [  0 255]
  ...
  [255 255]
  [255 255]
  [255 255]]

 ...

 [[  0 255]
  [  0 255]
  [  0 255]
  ...
  [255 255]
  [255 255]
  [255 255]]

 [[  0 255]
  [  0 255]
  [  0 255]
  ...
  [255 255]
  [255 255]
  [255 255]]

 [[160 255]
  [160 255]
  [160 255]
  ...
  [255 255]
  [255 255]
  [255 255]]]","[[[126 123]
  [145 130]
  [110 112]
  ...
  [130 101]
  [113  96]
  [107 168]]

 [[154 116]
  [127 146]
  [101 105]
  ...
  [147 197]
  [ 37  58]
  [174 139]]

 [[129 134]
  [120 126]
  [119 106]
  ...
  [133  48]
  [167  89]
  [ 73 129]]

 ...

 [[168 112]
  [135 158]
  [154 100]
  ...
  [ 97 189]
  [175  66]
  [163 179]]

 [[110 139]
  [107 141]
  [114  70]
  ...
  [ 62  45]
  [ 92 202]
  [ 83 151]]

 [[156 127]
  [115 122]
  [128  82]
  ...
  [116 121]
  [ 76  61]
  [153 137]]]","[[[116 128]
  [136 112]
  [145 135]
  ...
  [143 115]
  [126 144]
  [133 133]]

 [[134 136]
  [147 145]
  [126 142]
  ...
  [157 155]
  [116 136]
  [134 142]]

 [[117 144]
  [138 124]
  [132 145]
  ...
  [128 133]
  [ 90 147]
  [142 132]]

 ...

 [[128 132]
  [134 149]
  [116 151]
  ...
  [162 139]
  [111 122]
  [141 131]]

 [[113 129]
  [142 113]
  [134 159]
  ...
  [162 134]
  [120 142]
  [122 126]]

 [[117 133]
  [112 128]
  [115 129]
  ...
  [140 150]
  [133 131]
  [134 124]]]","[[[255 255]
  [255 255]
  [255 255]
  ...
  [ 16 255]
  [  4 255]
  [  4 255]]

 [[255 255]
  [255 255]
  [255 255]
  ...
  [ 16 255]
  [  6 255]
  [  4 255]]

 [[255 255]
  [255 255]
  [255 255]
  ...
  [ 12 255]
  [  4 255]
  [  4 255]]

 ...

 [[255 255]
  [255 255]
  [255 255]
  ...
  [  4 255]
  [  3 255]
  [  4 255]]

 [[255 255]
  [255 255]
  [255 255]
  ...
  [  4 255]
  [  1 255]
  [  1 255]]

 [[255 255]
  [255 255]
  [255 255]
  ...
  [163 255]
  [162 255]
  [162 255]]]","[[[ 95 130]
  [166 103]
  [140 149]
  ...
  [152 104]
  [103 168]
  [139 121]]

 [[147 173]
  [121 157]
  [153 123]
  ...
  [123 110]
  [142 127]
  [125 122]]

 [[104 159]
  [161 136]
  [149 187]
  ...
  [160  96]
  [122 169]
  [116 108]]

 ...

 [[166 153]
  [ 87 131]
  [136 161]
  ...
  [111 183]
  [170 110]
  [143 141]]

 [[121 140]
  [169 171]
  [117 204]
  ...
  [149 134]
  [115 164]
  [132 115]]

 [[107 140]
  [140 125]
  [128 136]
  ...
  [156 158]
  [112 126]
  [113 124]]]","[[[126 138]
  [135 129]
  [114 115]
  ...
  [129 126]
  [123 125]
  [119 143]]

 [[148 122]
  [154 153]
  [134  89]
  ...
  [124 145]
  [118  89]
  [133 143]]

 [[123 127]
  [134 143]
  [112 120]
  ...
  [105 143]
  [130 128]
  [116 131]]

 ...

 [[170 116]
  [105 122]
  [140  76]
  ...
  [109 156]
  [145 115]
  [125 132]]

 [[118 143]
  [115 119]
  [128  99]
  ...
  [105 115]
  [155 137]
  [109 150]]

 [[131 107]
  [130 121]
  [142 117]
  ...
  [128 132]
  [122  96]
  [131 135]]]"
2,"[[[255 255]
  [255 255]
  [255 255]
  ...
  [  0 255]
  [  0 255]
  [  0 255]]

 [[255 255]
  [255 255]
  [255 255]
  ...
  [  0 255]
  [  0 255]
  [  0 255]]

 [[255 255]
  [255 255]
  [255 255]
  ...
  [  0 255]
  [  0 255]
  [  0 255]]

 ...

 [[255 255]
  [255 255]
  [255 255]
  ...
  [  0 255]
  [  0 255]
  [  0 255]]

 [[255 255]
  [255 255]
  [255 255]
  ...
  [  0 255]
  [  0 255]
  [  0 255]]

 [[255 255]
  [255 255]
  [255 255]
  ...
  [160 255]
  [160 255]
  [160 255]]]","[[[129 122]
  [138 114]
  [116  98]
  ...
  [137 138]
  [121 108]
  [127 151]]

 [[182 124]
  [162 176]
  [112 128]
  ...
  [143 133]
  [114  75]
  [146 144]]

 [[111 100]
  [165 163]
  [163  75]
  ...
  [136 107]
  [123 146]
  [ 93 164]]

 ...

 [[195 124]
  [112 214]
  [133  70]
  ...
  [119 181]
  [154  86]
  [144 165]]

 [[ 82 130]
  [125 100]
  [125  50]
  ...
  [ 78 110]
  [136 165]
  [103 133]]

 [[179 129]
  [140 132]
  [ 99  60]
  ...
  [100 129]
  [118  76]
  [125 137]]]","[[[112 133]
  [130 115]
  [127 144]
  ...
  [136 118]
  [123 129]
  [133 134]]

 [[128 130]
  [159 156]
  [101 134]
  ...
  [138 132]
  [126 133]
  [125 136]]

 [[129 143]
  [154 118]
  [130 163]
  ...
  [144 119]
  [104 149]
  [129 117]]

 ...

 [[138 130]
  [130 154]
  [114 178]
  ...
  [144 140]
  [115 129]
  [129 134]]

 [[116 127]
  [155 140]
  [127 180]
  ...
  [142 135]
  [126 155]
  [132 123]]

 [[110 134]
  [107 136]
  [119 135]
  ...
  [135 146]
  [125 129]
  [125 126]]]","[[[255 255]
  [255 255]
  [255 255]
  ...
  [  4 255]
  [  6 255]
  [  7 255]]

 [[255 255]
  [255 255]
  [255 255]
  ...
  [  4 255]
  [  4 255]
  [  7 255]]

 [[255 255]
  [255 255]
  [255 255]
  ...
  [  7 255]
  [  8 255]
  [  8 255]]

 ...

 [[255 255]
  [255 255]
  [255 255]
  ...
  [  7 255]
  [  6 255]
  [  4 255]]

 [[255 255]
  [255 255]
  [255 255]
  ...
  [  4 255]
  [  4 255]
  [  3 255]]

 [[255 255]
  [255 255]
  [255 255]
  ...
  [162 255]
  [162 255]
  [162 255]]]","[[[ 91 127]
  [187  81]
  [148 171]
  ...
  [144 108]
  [ 98 180]
  [139 119]]

 [[155 179]
  [156 153]
  [121 121]
  ...
  [113 110]
  [151 120]
  [129 117]]

 [[123 166]
  [125 130]
  [146 200]
  ...
  [171  69]
  [102 164]
  [109 103]]

 ...

 [[167 163]
  [ 96 139]
  [100 193]
  ...
  [ 97 175]
  [141 113]
  [130 150]]

 [[135 139]
  [190 161]
  [136 219]
  ...
  [143 134]
  [ 97 189]
  [123 110]]

 [[105 147]
  [125 136]
  [125 156]
  ...
  [155 181]
  [105 108]
  [124 134]]]","[[[133 140]
  [139 132]
  [122 118]
  ...
  [124 128]
  [130 120]
  [119 138]]

 [[133 114]
  [155 166]
  [152 103]
  ...
  [152 152]
  [121  92]
  [133 147]]

 [[133 127]
  [146 145]
  [129 115]
  ...
  [109 116]
  [120 127]
  [140 141]]

 ...

 [[160 108]
  [ 99 113]
  [125  71]
  ...
  [125 152]
  [151 112]
  [132 123]]

 [[110 145]
  [118 142]
  [131  81]
  ...
  [ 98 101]
  [153 137]
  [120 134]]

 [[138 105]
  [138 125]
  [130 121]
  ...
  [121 122]
  [123  95]
  [131 138]]]"
3,"[[[  0 255]
  [  0 255]
  [  0 255]
  ...
  [255 255]
  [255 255]
  [255 255]]

 [[  0 255]
  [  0 255]
  [  0 255]
  ...
  [255 255]
  [255 255]
  [255 255]]

 [[  0 255]
  [  0 255]
  [  0 255]
  ...
  [255 255]
  [255 255]
  [255 255]]

 ...

 [[  0 255]
  [  0 255]
  [  0 255]
  ...
  [255 255]
  [255 255]
  [255 255]]

 [[  0 255]
  [  0 255]
  [  0 255]
  ...
  [255 255]
  [255 255]
  [255 255]]

 [[160 255]
  [160 255]
  [160 255]
  ...
  [255 255]
  [255 255]
  [255 255]]]","[[[125 123]
  [144 129]
  [110 114]
  ...
  [132 102]
  [113  99]
  [109 164]]

 [[154 115]
  [127 142]
  [102  99]
  ...
  [156 197]
  [ 38  65]
  [168 141]]

 [[129 133]
  [118 128]
  [118 103]
  ...
  [137  49]
  [165  89]
  [ 74 133]]

 ...

 [[165 115]
  [134 153]
  [145 101]
  ...
  [ 94 194]
  [158  69]
  [159 172]]

 [[111 138]
  [103 142]
  [120  77]
  ...
  [ 73  46]
  [102 193]
  [ 91 149]]

 [[154 126]
  [112 121]
  [130  86]
  ...
  [115 123]
  [ 86  63]
  [149 136]]]","[[[117 129]
  [134 115]
  [145 137]
  ...
  [143 119]
  [125 145]
  [131 132]]

 [[136 137]
  [155 146]
  [127 145]
  ...
  [145 155]
  [119 139]
  [136 140]]

 [[116 143]
  [142 131]
  [127 146]
  ...
  [126 141]
  [ 94 145]
  [142 129]]

 ...

 [[128 129]
  [146 149]
  [117 146]
  ...
  [160 138]
  [112 127]
  [141 132]]

 [[113 126]
  [147 115]
  [139 156]
  ...
  [157 136]
  [131 155]
  [126 126]]

 [[116 134]
  [113 129]
  [121 132]
  ...
  [138 152]
  [127 124]
  [135 128]]]","[[[198 255]
  [204 255]
  [211 255]
  ...
  [255 255]
  [255 255]
  [255 255]]

 [[184 255]
  [201 255]
  [209 255]
  ...
  [255 255]
  [255 255]
  [255 255]]

 [[188 255]
  [197 255]
  [207 255]
  ...
  [255 255]
  [255 255]
  [255 255]]

 ...

 [[201 255]
  [205 255]
  [202 255]
  ...
  [255 255]
  [255 255]
  [255 255]]

 [[198 255]
  [205 255]
  [207 255]
  ...
  [255 255]
  [255 255]
  [255 255]]

 [[236 255]
  [238 255]
  [238 255]
  ...
  [255 255]
  [255 255]
  [255 255]]]","[[[ 99 124]
  [165  96]
  [124 158]
  ...
  [144 112]
  [140 163]
  [141 113]]

 [[151 162]
  [152 146]
  [112 122]
  ...
  [133 145]
  [107 117]
  [135 144]]

 [[116 150]
  [142 120]
  [120 185]
  ...
  [132  87]
  [121 155]
  [139  89]]

 ...

 [[163 158]
  [ 83 157]
  [114 149]
  ...
  [108 169]
  [ 96 124]
  [129 131]]

 [[111 143]
  [154 168]
  [111 190]
  ...
  [187  99]
  [119 147]
  [127 129]]

 [[115 141]
  [146 132]
  [131 138]
  ...
  [130 160]
  [115 131]
  [122 131]]]","[[[125 132]
  [140 132]
  [107 118]
  ...
  [120 140]
  [130 125]
  [118 148]]

 [[139 116]
  [147 152]
  [144 104]
  ...
  [137 164]
  [114 112]
  [142 136]]

 [[135 140]
  [139 132]
  [136 133]
  ...
  [138  98]
  [147 125]
  [124 150]]

 ...

 [[163 115]
  [ 95 124]
  [135  90]
  ...
  [163 163]
  [138 109]
  [136 129]]

 [[119 138]
  [123 134]
  [133 102]
  ...
  [ 93  92]
  [168 115]
  [120 133]]

 [[134 111]
  [136 120]
  [139 122]
  ...
  [119 115]
  [108  82]
  [122 148]]]"
4,"[[[  0 255]
  [  0 255]
  [  0 255]
  ...
  [255 255]
  [255 255]
  [255 255]]

 [[  0 255]
  [  0 255]
  [  0 255]
  ...
  [255 255]
  [255 255]
  [255 255]]

 [[  0 255]
  [  0 255]
  [  0 255]
  ...
  [255 255]
  [255 255]
  [255 255]]

 ...

 [[  0 255]
  [  0 255]
  [  0 255]
  ...
  [255 255]
  [255 255]
  [255 255]]

 [[  0 255]
  [  0 255]
  [  0 255]
  ...
  [255 255]
  [255 255]
  [255 255]]

 [[160 255]
  [160 255]
  [160 255]
  ...
  [255 255]
  [255 255]
  [255 255]]]","[[[125 123]
  [144 131]
  [108 113]
  ...
  [129 104]
  [113  99]
  [110 164]]

 [[155 116]
  [130 145]
  [ 98 103]
  ...
  [152 196]
  [ 41  67]
  [169 141]]

 [[128 132]
  [117 128]
  [114 105]
  ...
  [140  52]
  [166  96]
  [ 75 131]]

 ...

 [[166 116]
  [135 152]
  [151 105]
  ...
  [ 92 193]
  [160  68]
  [158 173]]

 [[110 138]
  [109 143]
  [120  76]
  ...
  [ 68  49]
  [ 99 190]
  [ 90 150]]

 [[153 126]
  [112 120]
  [130  86]
  ...
  [115 123]
  [ 86  63]
  [148 137]]]","[[[114 129]
  [137 112]
  [147 135]
  ...
  [142 116]
  [124 141]
  [134 130]]

 [[136 139]
  [151 140]
  [127 145]
  ...
  [151 150]
  [132 142]
  [134 141]]

 [[117 146]
  [141 128]
  [132 143]
  ...
  [130 139]
  [ 97 141]
  [140 127]]

 ...

 [[125 130]
  [142 148]
  [119 148]
  ...
  [164 138]
  [110 127]
  [142 135]]

 [[111 126]
  [146 113]
  [136 160]
  ...
  [150 135]
  [129 149]
  [126 128]]

 [[115 134]
  [114 131]
  [118 133]
  ...
  [135 151]
  [130 124]
  [135 128]]]","[[[255 255]
  [255 255]
  [255 255]
  ...
  [  0 255]
  [  0 255]
  [  0 255]]

 [[255 255]
  [255 255]
  [255 255]
  ...
  [  0 255]
  [  0 255]
  [  0 255]]

 [[255 255]
  [255 255]
  [255 255]
  ...
  [  0 255]
  [  0 255]
  [  0 255]]

 ...

 [[255 255]
  [255 255]
  [255 255]
  ...
  [  0 255]
  [  0 255]
  [  0 255]]

 [[255 255]
  [255 255]
  [255 255]
  ...
  [  0 255]
  [  0 255]
  [  0 255]]

 [[255 255]
  [255 255]
  [255 255]
  ...
  [160 255]
  [160 255]
  [160 255]]]","[[[ 90 132]
  [190  83]
  [145 167]
  ...
  [149 113]
  [101 183]
  [140 119]]

 [[154 188]
  [167 158]
  [142 139]
  ...
  [121 107]
  [145 121]
  [127 112]]

 [[119 174]
  [137 124]
  [118 211]
  ...
  [172  64]
  [106 169]
  [111  97]]

 ...

 [[162 165]
  [107 127]
  [ 99 191]
  ...
  [110 182]
  [142 111]
  [135 149]]

 [[141 143]
  [194 152]
  [116 222]
  ...
  [132 141]
  [ 91 189]
  [124 111]]

 [[107 147]
  [128 136]
  [119 165]
  ...
  [160 183]
  [106 109]
  [124 133]]]","[[[132 140]
  [142 135]
  [118 115]
  ...
  [125 127]
  [132 121]
  [119 139]]

 [[149 121]
  [148 165]
  [159 102]
  ...
  [146 153]
  [113  88]
  [134 143]]

 [[126 124]
  [145 141]
  [112 123]
  ...
  [117 114]
  [121 123]
  [137 143]]

 ...

 [[162 106]
  [ 96 124]
  [147  72]
  ...
  [124 156]
  [152 114]
  [133 125]]

 [[107 146]
  [115 129]
  [136  77]
  ...
  [100 110]
  [162 145]
  [120 130]]

 [[142 105]
  [135 123]
  [127 117]
  ...
  [118 121]
  [123  98]
  [134 136]]]"
5,"[[[255 255]
  [255 255]
  [255 255]
  ...
  [  0 255]
  [  0 255]
  [  0 255]]

 [[255 255]
  [255 255]
  [255 255]
  ...
  [  0 255]
  [  0 255]
  [  0 255]]

 [[255 255]
  [255 255]
  [255 255]
  ...
  [  0 255]
  [  0 255]
  [  0 255]]

 ...

 [[255 255]
  [255 255]
  [255 255]
  ...
  [  0 255]
  [  0 255]
  [  0 255]]

 [[255 255]
  [255 255]
  [255 255]
  ...
  [  0 255]
  [  0 255]
  [  0 255]]

 [[255 255]
  [255 255]
  [255 255]
  ...
  [160 255]
  [160 255]
  [160 255]]]","[[[129 122]
  [137 114]
  [115  95]
  ...
  [138 138]
  [121 106]
  [127 154]]

 [[184 125]
  [166 184]
  [114 129]
  ...
  [143 138]
  [112  72]
  [149 144]]

 [[111  96]
  [161 168]
  [167  76]
  ...
  [133 109]
  [123 141]
  [ 92 168]]

 ...

 [[197 127]
  [117 220]
  [130  63]
  ...
  [122 183]
  [159  85]
  [146 167]]

 [[ 76 129]
  [126 100]
  [127  50]
  ...
  [ 80 106]
  [137 163]
  [101 133]]

 [[182 130]
  [142 133]
  [ 92  56]
  ...
  [101 134]
  [117  74]
  [126 137]]]","[[[112 136]
  [129 114]
  [134 146]
  ...
  [136 117]
  [122 132]
  [136 134]]

 [[128 132]
  [157 159]
  [ 99 137]
  ...
  [139 133]
  [124 128]
  [124 139]]

 [[127 148]
  [157 119]
  [131 164]
  ...
  [138 133]
  [107 144]
  [127 119]]

 ...

 [[138 131]
  [131 155]
  [119 178]
  ...
  [143 145]
  [119 129]
  [128 135]]

 [[117 130]
  [154 140]
  [121 186]
  ...
  [142 141]
  [126 148]
  [131 123]]

 [[109 132]
  [104 139]
  [119 133]
  ...
  [137 146]
  [124 128]
  [124 127]]]","[[[  3 255]
  [  4 255]
  [  3 255]
  ...
  [255 255]
  [255 255]
  [255 255]]

 [[  4 255]
  [  4 255]
  [  3 255]
  ...
  [255 255]
  [255 255]
  [255 255]]

 [[  3 255]
  [  4 255]
  [  3 255]
  ...
  [255 255]
  [255 255]
  [255 255]]

 ...

 [[  1 255]
  [  1 255]
  [  3 255]
  ...
  [255 255]
  [255 255]
  [255 255]]

 [[  3 255]
  [  3 255]
  [  1 255]
  ...
  [255 255]
  [255 255]
  [255 255]]

 [[161 255]
  [161 255]
  [161 255]
  ...
  [255 255]
  [255 255]
  [255 255]]]","[[[ 76 140]
  [163 118]
  [ 98 176]
  ...
  [164 101]
  [146 176]
  [150 106]]

 [[148 174]
  [136 150]
  [118 125]
  ...
  [131 160]
  [ 94 103]
  [150 151]]

 [[110 170]
  [164  96]
  [107 169]
  ...
  [120  51]
  [ 79 150]
  [158  68]]

 ...

 [[148 143]
  [ 76 169]
  [121 173]
  ...
  [118 164]
  [ 94 144]
  [109 129]]

 [[ 98 154]
  [155 175]
  [ 66 145]
  ...
  [181 103]
  [106 147]
  [137 117]]

 [[113 144]
  [123 132]
  [100 137]
  ...
  [128 181]
  [115 134]
  [128 131]]]","[[[124 135]
  [142 139]
  [107 117]
  ...
  [127 130]
  [131 122]
  [114 152]]

 [[145 109]
  [145 140]
  [124  88]
  ...
  [130 170]
  [101 103]
  [147 143]]

 [[126 146]
  [130 121]
  [148 129]
  ...
  [ 99  84]
  [146 142]
  [128 142]]

 ...

 [[159 116]
  [112 143]
  [139  94]
  ...
  [162 148]
  [126  91]
  [128 124]]

 [[123 133]
  [120 105]
  [130 115]
  ...
  [102  90]
  [182 126]
  [113 132]]

 [[135 113]
  [130 124]
  [138 112]
  ...
  [121 127]
  [118  85]
  [124 148]]]"
6,"[[[  0 255]
  [  0 255]
  [  0 255]
  ...
  [255 255]
  [255 255]
  [255 255]]

 [[  0 255]
  [  0 255]
  [  0 255]
  ...
  [255 255]
  [255 255]
  [255 255]]

 [[  0 255]
  [  0 255]
  [  0 255]
  ...
  [255 255]
  [255 255]
  [255 255]]

 ...

 [[  0 255]
  [  0 255]
  [  0 255]
  ...
  [255 255]
  [255 255]
  [255 255]]

 [[  0 255]
  [  0 255]
  [  0 255]
  ...
  [255 255]
  [255 255]
  [255 255]]

 [[160 255]
  [160 255]
  [160 255]
  ...
  [255 255]
  [255 255]
  [255 255]]]","[[[125 122]
  [147 130]
  [108 113]
  ...
  [129  99]
  [113  96]
  [106 168]]

 [[155 116]
  [128 141]
  [ 98  99]
  ...
  [155 198]
  [ 39  63]
  [174 138]]

 [[128 134]
  [122 127]
  [116 102]
  ...
  [132  44]
  [170  87]
  [ 73 130]]

 ...

 [[170 116]
  [132 162]
  [147 103]
  ...
  [ 96 190]
  [171  67]
  [163 180]]

 [[110 139]
  [104 143]
  [117  69]
  ...
  [ 64  45]
  [ 92 203]
  [ 82 150]]

 [[157 128]
  [115 123]
  [128  82]
  ...
  [116 121]
  [ 76  61]
  [152 137]]]","[[[115 128]
  [134 113]
  [143 135]
  ...
  [143 118]
  [128 145]
  [136 132]]

 [[135 135]
  [153 150]
  [125 141]
  ...
  [153 159]
  [115 134]
  [133 142]]

 [[118 144]
  [141 128]
  [141 145]
  ...
  [126 139]
  [ 93 150]
  [143 128]]

 ...

 [[126 130]
  [139 158]
  [117 150]
  ...
  [160 140]
  [107 123]
  [142 131]]

 [[110 134]
  [143 114]
  [134 159]
  ...
  [158 133]
  [126 151]
  [126 122]]

 [[116 133]
  [110 129]
  [116 129]
  ...
  [138 151]
  [133 128]
  [132 126]]]","[[[  4 255]
  [  4 255]
  [  3 255]
  ...
  [255 255]
  [255 255]
  [255 255]]

 [[  3 255]
  [  3 255]
  [  4 255]
  ...
  [255 255]
  [255 255]
  [255 255]]

 [[  6 255]
  [  3 255]
  [  3 255]
  ...
  [255 255]
  [255 255]
  [255 255]]

 ...

 [[ 16 255]
  [ 28 255]
  [ 53 255]
  ...
  [255 255]
  [255 255]
  [255 255]]

 [[ 20 255]
  [ 30 255]
  [ 53 255]
  ...
  [255 255]
  [255 255]
  [255 255]]

 [[169 255]
  [172 255]
  [180 255]
  ...
  [255 255]
  [255 255]
  [255 255]]]","[[[ 77 141]
  [161 118]
  [102 175]
  ...
  [160 103]
  [144 176]
  [150 106]]

 [[147 171]
  [135 141]
  [116 122]
  ...
  [138 162]
  [ 90 104]
  [148 152]]

 [[111 168]
  [161 100]
  [110 171]
  ...
  [122  59]
  [ 85 151]
  [157  65]]

 ...

 [[148 152]
  [ 93 158]
  [111 150]
  ...
  [114 164]
  [ 91 141]
  [115 128]]

 [[100 145]
  [158 165]
  [ 88 157]
  ...
  [184 103]
  [107 150]
  [134 117]]

 [[115 142]
  [129 139]
  [ 98 140]
  ...
  [129 179]
  [115 132]
  [127 130]]]","[[[122 135]
  [138 138]
  [106 117]
  ...
  [129 125]
  [128 121]
  [113 152]]

 [[147 112]
  [145 141]
  [116  85]
  ...
  [132 174]
  [114  91]
  [145 137]]

 [[126 143]
  [121 131]
  [138 123]
  ...
  [111  90]
  [150 145]
  [126 144]]

 ...

 [[147 112]
  [ 92 127]
  [139 100]
  ...
  [166 156]
  [135  94]
  [129 126]]

 [[117 140]
  [142 119]
  [118 121]
  ...
  [104  93]
  [182 126]
  [111 135]]

 [[134 114]
  [130 127]
  [137 113]
  ...
  [122 128]
  [120  87]
  [126 148]]]"
7,"[[[  0 255]
  [  0 255]
  [  0 255]
  ...
  [255 255]
  [255 255]
  [255 255]]

 [[  0 255]
  [  0 255]
  [  0 255]
  ...
  [255 255]
  [255 255]
  [255 255]]

 [[  0 255]
  [  0 255]
  [  0 255]
  ...
  [255 255]
  [255 255]
  [255 255]]

 ...

 [[  0 255]
  [  0 255]
  [  0 255]
  ...
  [255 255]
  [255 255]
  [255 255]]

 [[  0 255]
  [  0 255]
  [  0 255]
  ...
  [255 255]
  [255 255]
  [255 255]]

 [[160 255]
  [160 255]
  [160 255]
  ...
  [255 255]
  [255 255]
  [255 255]]]","[[[125 123]
  [145 130]
  [109 112]
  ...
  [132 102]
  [112  97]
  [108 166]]

 [[153 114]
  [123 148]
  [103  97]
  ...
  [155 198]
  [ 37  67]
  [172 138]]

 [[129 132]
  [120 127]
  [116 106]
  ...
  [135  49]
  [168  92]
  [ 73 131]]

 ...

 [[168 115]
  [136 159]
  [148 100]
  ...
  [ 95 194]
  [168  68]
  [161 177]]

 [[110 137]
  [106 143]
  [118  71]
  ...
  [ 65  44]
  [ 98 197]
  [ 87 151]]

 [[155 128]
  [113 120]
  [127  83]
  ...
  [116 122]
  [ 80  63]
  [150 137]]]","[[[116 127]
  [139 113]
  [146 136]
  ...
  [139 121]
  [126 148]
  [134 132]]

 [[134 136]
  [151 142]
  [129 145]
  ...
  [154 159]
  [117 137]
  [138 140]]

 [[120 142]
  [147 131]
  [134 142]
  ...
  [126 136]
  [ 95 146]
  [139 128]]

 ...

 [[125 133]
  [143 154]
  [122 154]
  ...
  [163 143]
  [111 122]
  [143 131]]

 [[111 131]
  [148 112]
  [134 161]
  ...
  [156 133]
  [132 150]
  [124 125]]

 [[116 134]
  [114 131]
  [119 130]
  ...
  [137 154]
  [132 124]
  [136 127]]]","[[[  3 255]
  [  3 255]
  [  6 255]
  ...
  [255 255]
  [255 255]
  [255 255]]

 [[  4 255]
  [  4 255]
  [  3 255]
  ...
  [255 255]
  [255 255]
  [255 255]]

 [[  6 255]
  [  4 255]
  [  3 255]
  ...
  [255 255]
  [255 255]
  [255 255]]

 ...

 [[  4 255]
  [  4 255]
  [  1 255]
  ...
  [255 255]
  [255 255]
  [255 255]]

 [[  3 255]
  [  3 255]
  [  4 255]
  ...
  [255 255]
  [255 255]
  [255 255]]

 [[161 255]
  [161 255]
  [162 255]
  ...
  [255 255]
  [255 255]
  [255 255]]]","[[[ 79 139]
  [158 123]
  [103 165]
  ...
  [158 101]
  [140 175]
  [144 112]]

 [[147 166]
  [146 152]
  [118 124]
  ...
  [127 172]
  [ 82 112]
  [143 154]]

 [[109 167]
  [166 102]
  [117 166]
  ...
  [101  71]
  [ 76 127]
  [151  78]]

 ...

 [[149 139]
  [ 78 168]
  [123 168]
  ...
  [ 97 158]
  [ 85 146]
  [113 135]]

 [[104 159]
  [145 172]
  [ 72 145]
  ...
  [183 130]
  [ 99 175]
  [136 112]]

 [[114 141]
  [124 136]
  [108 133]
  ...
  [120 176]
  [115 139]
  [136 136]]]","[[[124 135]
  [141 136]
  [107 115]
  ...
  [133 137]
  [125 124]
  [118 147]]

 [[146 116]
  [145 147]
  [111  89]
  ...
  [127 166]
  [119 106]
  [150 138]]

 [[129 143]
  [130 121]
  [132 122]
  ...
  [121  96]
  [140 147]
  [129 140]]

 ...

 [[157 116]
  [113 146]
  [143 110]
  ...
  [157 139]
  [133 109]
  [132 123]]

 [[119 136]
  [116 115]
  [126 107]
  ...
  [ 87  92]
  [174 117]
  [120 131]]

 [[135 113]
  [132 120]
  [136 111]
  ...
  [124 124]
  [114  86]
  [128 147]]]"
8,"[[[255 255]
  [255 255]
  [255 255]
  ...
  [  0 255]
  [  0 255]
  [  0 255]]

 [[255 255]
  [255 255]
  [255 255]
  ...
  [  0 255]
  [  0 255]
  [  0 255]]

 [[255 255]
  [255 255]
  [255 255]
  ...
  [  0 255]
  [  0 255]
  [  0 255]]

 ...

 [[255 255]
  [255 255]
  [255 255]
  ...
  [  0 255]
  [  0 255]
  [  0 255]]

 [[255 255]
  [255 255]
  [255 255]
  ...
  [  0 255]
  [  0 255]
  [  0 255]]

 [[255 255]
  [255 255]
  [255 255]
  ...
  [160 255]
  [160 255]
  [160 255]]]","[[[129 122]
  [139 113]
  [118  93]
  ...
  [139 131]
  [123 106]
  [126 156]]

 [[186 128]
  [175 187]
  [112 127]
  ...
  [140 141]
  [101  65]
  [152 143]]

 [[115  93]
  [161 168]
  [167  72]
  ...
  [135 106]
  [127 139]
  [ 88 175]]

 ...

 [[199 129]
  [118 224]
  [133  58]
  ...
  [121 180]
  [162  83]
  [145 169]]

 [[ 74 124]
  [129 105]
  [126  48]
  ...
  [ 78 110]
  [137 167]
  [ 99 136]]

 [[184 128]
  [143 131]
  [ 84  53]
  ...
  [ 98 137]
  [116  72]
  [126 138]]]","[[[110 135]
  [130 115]
  [128 149]
  ...
  [137 118]
  [126 133]
  [135 133]]

 [[124 130]
  [160 165]
  [105 148]
  ...
  [132 133]
  [124 128]
  [125 138]]

 [[131 145]
  [160 117]
  [125 176]
  ...
  [141 118]
  [105 148]
  [127 118]]

 ...

 [[142 135]
  [142 161]
  [114 184]
  ...
  [139 140]
  [123 124]
  [131 134]]

 [[115 136]
  [157 148]
  [121 185]
  ...
  [148 138]
  [122 154]
  [131 123]]

 [[109 132]
  [103 137]
  [120 135]
  ...
  [140 144]
  [122 129]
  [125 129]]]","[[[  3 255]
  [  3 255]
  [  8 255]
  ...
  [255 255]
  [255 255]
  [255 255]]

 [[  1 255]
  [  4 255]
  [  9 255]
  ...
  [255 255]
  [255 255]
  [255 255]]

 [[  3 255]
  [  4 255]
  [ 12 255]
  ...
  [255 255]
  [255 255]
  [255 255]]

 ...

 [[  3 255]
  [  4 255]
  [  1 255]
  ...
  [255 255]
  [255 255]
  [255 255]]

 [[  1 255]
  [  1 255]
  [  3 255]
  ...
  [255 255]
  [255 255]
  [255 255]]

 [[161 255]
  [161 255]
  [162 255]
  ...
  [255 255]
  [255 255]
  [255 255]]]","[[[ 76 140]
  [164 122]
  [100 176]
  ...
  [164  92]
  [131 161]
  [148 106]]

 [[146 171]
  [138 152]
  [108 118]
  ...
  [157 154]
  [101 108]
  [146 145]]

 [[110 165]
  [161  95]
  [108 169]
  ...
  [127  60]
  [ 72 156]
  [159  60]]

 ...

 [[148 144]
  [ 70 169]
  [126 174]
  ...
  [111 160]
  [ 95 141]
  [119 128]]

 [[ 99 158]
  [151 177]
  [ 67 151]
  ...
  [184 100]
  [103 144]
  [133 118]]

 [[113 143]
  [124 135]
  [106 137]
  ...
  [129 179]
  [114 132]
  [126 130]]]","[[[125 135]
  [140 137]
  [111 118]
  ...
  [124 106]
  [135 118]
  [110 159]]

 [[144 113]
  [145 137]
  [115  85]
  ...
  [148 191]
  [ 92  93]
  [138 129]]

 [[131 143]
  [137 129]
  [136 124]
  ...
  [134  98]
  [161 126]
  [115 150]]

 ...

 [[160 114]
  [111 142]
  [137  95]
  ...
  [167 150]
  [137  96]
  [131 128]]

 [[117 131]
  [113 109]
  [125 112]
  ...
  [ 96 100]
  [177 118]
  [113 134]]

 [[137 111]
  [132 123]
  [131 110]
  ...
  [121 127]
  [113  84]
  [123 148]]]"
9,"[[[  0 255]
  [  0 255]
  [  0 255]
  ...
  [255 255]
  [255 255]
  [255 255]]

 [[  0 255]
  [  0 255]
  [  0 255]
  ...
  [255 255]
  [255 255]
  [255 255]]

 [[  0 255]
  [  0 255]
  [  0 255]
  ...
  [255 255]
  [255 255]
  [255 255]]

 ...

 [[  0 255]
  [  0 255]
  [  0 255]
  ...
  [255 255]
  [255 255]
  [255 255]]

 [[  0 255]
  [  0 255]
  [  0 255]
  ...
  [255 255]
  [255 255]
  [255 255]]

 [[160 255]
  [160 255]
  [160 255]
  ...
  [255 255]
  [255 255]
  [255 255]]]","[[[126 122]
  [147 129]
  [108 112]
  ...
  [130 102]
  [113  98]
  [106 168]]

 [[154 116]
  [126 145]
  [101  99]
  ...
  [154 200]
  [ 37  62]
  [174 138]]

 [[130 134]
  [119 123]
  [114 101]
  ...
  [130  47]
  [168  87]
  [ 72 131]]

 ...

 [[170 114]
  [134 161]
  [149 103]
  ...
  [100 193]
  [167  65]
  [163 177]]

 [[111 138]
  [103 140]
  [119  70]
  ...
  [ 63  47]
  [ 91 201]
  [ 86 150]]

 [[157 129]
  [115 124]
  [128  84]
  ...
  [116 121]
  [ 77  60]
  [152 137]]]","[[[116 128]
  [135 112]
  [145 136]
  ...
  [142 114]
  [129 142]
  [135 132]]

 [[131 133]
  [155 146]
  [127 139]
  ...
  [154 154]
  [118 138]
  [132 139]]

 [[117 142]
  [144 129]
  [135 147]
  ...
  [124 137]
  [ 91 152]
  [139 131]]

 ...

 [[126 129]
  [140 156]
  [117 155]
  ...
  [165 142]
  [106 124]
  [143 132]]

 [[110 130]
  [143 110]
  [132 157]
  ...
  [161 132]
  [127 143]
  [124 125]]

 [[116 134]
  [114 131]
  [120 128]
  ...
  [137 149]
  [130 123]
  [132 126]]]","[[[ 30 255]
  [  8 255]
  [  3 255]
  ...
  [255 255]
  [255 255]
  [255 255]]

 [[ 28 255]
  [ 11 255]
  [  4 255]
  ...
  [255 255]
  [255 255]
  [255 255]]

 [[ 24 255]
  [  8 255]
  [  3 255]
  ...
  [255 255]
  [255 255]
  [255 255]]

 ...

 [[  3 255]
  [  3 255]
  [ 14 255]
  ...
  [255 255]
  [255 255]
  [255 255]]

 [[  1 255]
  [  3 255]
  [ 12 255]
  ...
  [255 255]
  [255 255]
  [255 255]]

 [[161 255]
  [162 255]
  [165 255]
  ...
  [255 255]
  [255 255]
  [255 255]]]","[[[ 74 144]
  [163 120]
  [115 166]
  ...
  [151 105]
  [131 166]
  [147 112]]

 [[139 166]
  [130 159]
  [126 108]
  ...
  [146 158]
  [ 91 109]
  [138 150]]

 [[109 173]
  [168  96]
  [113 169]
  ...
  [138  78]
  [104 154]
  [147  79]]

 ...

 [[150 138]
  [ 81 176]
  [128 155]
  ...
  [105 165]
  [ 99 125]
  [131 131]]

 [[100 163]
  [146 151]
  [ 88 162]
  ...
  [192  97]
  [107 148]
  [130 120]]

 [[114 141]
  [125 138]
  [ 90 139]
  ...
  [131 166]
  [118 132]
  [122 130]]]","[[[123 136]
  [138 140]
  [103 118]
  ...
  [124 136]
  [128 124]
  [118 152]]

 [[147 118]
  [154 121]
  [119  85]
  ...
  [127 160]
  [111  89]
  [138 141]]

 [[127 141]
  [117 116]
  [131 121]
  ...
  [106  99]
  [140 135]
  [129 141]]

 ...

 [[153 115]
  [107 142]
  [129 107]
  ...
  [164 154]
  [128 109]
  [132 129]]

 [[123 134]
  [118 110]
  [116 117]
  ...
  [ 96  91]
  [181 110]
  [115 136]]

 [[131 117]
  [133 122]
  [138 114]
  ...
  [126 120]
  [111  83]
  [124 150]]]"
